"Gemeenten";"Levensverwachting";"Gebruik eerstelijnszorg huisartsen";"Gebruik basis GGZ en/of POH-GGZ";"Gebruik wijkverpleging";"Personen met 2 of meer chronische aandoeningen";"Gebruik diabetes type II";"Gebruik psychische problematiek";"Verminderde mobiliteit";"Jongeren met jeugdhulp, jeugdbescherming en jeugdreclassering";"Chronische aandoening - Hartfalen - Patiënten/Cliënten";"Chronische aandoening - COPD en Astma - Patiënten/Cliënten";"Chronische aandoening - Diabetes - Patiënten/Cliënten";"Chronische aandoening - Kanker - Patiënten/Cliënten";"Chronische aandoening - Reuma - Patiënten/Cliënten";"Vrijwilligerswerk";"Mantelzorg verlenen";"Mantelzorgerverleners zwaar belast";"Onveiligheidsgevoelens";"Kinderen in uitkeringsgezin";"Eenzaamheid";"Blootstelling NO2";"Gemiddelde afstand tot sportterrein";"Blootstelling PM10";"Beweegt voldoende";"Roken";"Overgewicht"
"Aa en Hunze";82,5;79,4;3,0;4,1;4,9;6,7;7,5;10,9;"";970;880;753;1027;529;31,8;17,0;15,1;"";4;40,7;10,4;1,1;15,1;65,4;17,5;54,9
"Aalsmeer";83,2;79,4;3,8;2,5;4,0;5,0;7,6;7,4;"";936;1056;604;958;488;34,2;13,4;18,5;"";3;36,8;20,3;0,8;18,9;62,1;20,8;49,2
"Aalten";82,0;92,7;4,7;4,6;5,6;6,0;9,2;8,4;"";1053;1156;682;939;692;41,9;20,1;11,9;"";3;38,5;16,2;1,0;18,5;70,4;19,0;53,2
"Achtkarspelen";81,0;79,6;3,5;3,7;5,5;6,3;9,8;9,1;"";1064;1642;658;1181;644;37,6;14,1;"-";"";6;42,2;9,9;0,7;15,5;63,8;22,1;58,3
"Alblasserdam";82,8;80,1;4,4;4,3;4,9;6,2;9,7;10,3;"";733;1052;421;753;446;31,3;12,6;"-";"";4;43,2;22,7;0,7;20,3;57,4;18,2;50,5
"Albrandswaard";82,7;80,1;4,3;2,0;4,1;4,9;8,7;6,3;"";843;944;428;765;520;28,0;11,6;8,5;"";3;37,2;23,6;0,6;19,5;57,2;18,0;51,6
"Alkmaar";81,7;78,8;2,5;2,9;4,5;5,5;8,3;8,9;"";3303;4850;1988;3615;1871;25,6;15,5;11,1;19,9;6;43,2;16,9;0,7;18,7;65,7;23,9;45,6
"Almelo";79,7;82,2;4,9;4,5;5,8;7,2;10,1;12,5;10;3027;3556;1950;3359;1575;27,2;16,1;17,8;19,5;9;44,0;16,4;0,7;18,4;66,7;26,5;55,0
"Almere";81,8;80,1;5,3;2,0;3,7;5,6;9,7;11,1;20;7257;7401;2671;7181;3151;20,5;14,8;14,5;20,4;8;45,5;15,8;0,8;18,3;52,4;17,2;54,4
"Alphen aan den Rijn";82,2;79,5;4,6;2,8;4,7;4,8;9,7;9,6;10;3976;5079;2103;3583;2313;29,4;14,0;16,3;13,0;4;41,6;19,1;0,7;19,5;62,6;20,5;51,2
"Alphen-Chaam";84,0;79,8;3,5;2,8;4,5;5,6;7,4;6,0;"";380;363;243;332;134;34,8;20,6;10,5;"";4;37,4;16,0;1,0;18,8;67,6;13,1;48,2
"Altena";82,0;79,7;3,5;2,9;4,9;5,2;8,6;8,2;"";1816;2656;1324;1744;1110;38,6;17,2;13,7;"";3;40,7;17,8;0,8;19,1;56,5;16,9;52,2
"Ameland";83,3;80,3;3,3;4,8;4,1;5,0;7,0;10,4;"";95;145;78;115;115;38,8;13,5;"-";"";"-";39,1;7,6;1,1;16,0;74,5;25,3;55,8
"Amersfoort";81,6;79,7;5,3;2,4;3,9;4,6;10,8;7,5;10;4904;7437;2292;4753;2316;30,6;15,3;13,7;15,0;6;41,5;19,8;0,7;20,0;62,4;18,7;44,2
"Amstelveen";82,6;70,3;4,2;1,7;3,4;4,2;7,6;6,8;"";2406;2969;1740;2610;1500;25,2;12,8;14,1;13,3;3;44,4;21,9;0,7;19,7;63,3;16,8;42,2
"Amsterdam";80,5;77,6;4,7;2,2;3,7;5,4;10,6;9,8;100;21543;32638;12851;28998;11093;22,1;9,0;17,4;24,2;13;47,4;25,2;0,5;21,2;64,9;27,1;39,7
"Apeldoorn";81,3;79,1;4,8;3,9;5,3;5,8;10,5;9,9;10;6083;7300;3190;5758;2933;33,7;14,9;13,0;14,3;6;37,7;17,3;0,7;18,3;64,3;20,8;49,5
"Appingedam";79,9;96,1;5,3;5,0;7,9;8,3;10,9;16,6;"";760;527;356;708;366;30,6;16,2;15,1;"";12;46,6;10,2;0,8;15,5;57,2;25,4;59,4
"Arnhem";80,1;79,9;5,5;2,7;4,4;5,4;11,5;10,2;20;5578;8048;2554;4985;2766;22,7;10,5;"-";21,2;11;46,0;21,5;0,6;19,5;60,4;25,3;43,3
"Assen";81,5;79,3;4,7;3,7;4,8;6,3;11,3;10,7;"";2518;3454;1473;2494;1583;31,4;15,0;19,9;"";7;46,1;12,8;0,8;15,7;71,1;28,3;46,1
"Asten";82,4;78,5;2,3;3,3;4,0;4,9;5,8;7,3;"";465;487;407;519;287;36,8;18,5;10,9;"";5;40,2;18,9;0,7;20,1;65,1;19,7;48,4
"Baarle-Nassau";81,4;81,6;3,7;3,6;6,8;6,7;8,4;10,0;"";326;315;211;259;146;33,2;15,6;7,0;"";4;50,3;15,3;1,4;18,5;58,0;16,5;53,3
"Baarn";80,1;78,8;3,3;3,4;4,3;4,7;8,3;8,1;"";788;1069;448;710;462;32,8;15,2;7,9;"";3;41,9;17,7;0,7;19,1;61,3;18,3;44,3
"Barendrecht";83,7;80,9;4,1;2,1;3,9;4,8;8,4;5,1;"";1631;1798;718;1490;980;22,9;12,4;17,3;"";3;40,3;24,3;0,6;19,8;55,4;18,4;47,1
"Barneveld";82,1;77,7;3,7;2,8;4,2;4,8;8,8;6,2;"";1763;2639;939;1778;838;45,4;14,6;14,2;"";2;39,4;16,8;1,1;20,3;62,3;15,2;48,2
"Beek";83,5;83,5;4,7;4,9;5,6;6,2;9,9;9,9;"";626;737;429;624;309;26,7;18,8;12,9;"";6;42,3;19,2;0,7;18,6;59,9;17,0;48,0
"Beekdaelen";82,8;82,3;4,6;4,7;6,0;6,4;10,0;10,5;"";1360;1647;1113;1366;753;29,4;16,2;7,1;"";4;42,3;15,8;0,7;18,1;58,2;17,9;56,1
"Beemster";84,7;77,3;4,4;2,9;3,5;4,9;8,0;6,4;"";282;279;190;236;174;29,1;15,2;9,7;"";3;33,7;14,6;1,1;18,1;61,1;13,5;49,5
"Beesel";82,6;79,7;2,1;4,0;5,7;6,1;7,2;10,1;"";562;539;412;496;265;30,9;21,5;15,4;"";4;47,0;17,8;0,8;19,1;62,8;16,0;52,4
"Berg en Dal";80,3;79,7;4,8;4,2;5,8;6,1;9,9;8,3;"";1624;1664;782;1198;658;31,9;16,6;11,6;"";5;41,5;16,4;0,8;18,6;66,1;18,5;51,5
"Bergeijk";82,8;81,0;1,3;3,1;4,4;5,5;5,5;10,3;"";579;658;386;572;352;39,8;18,1;11,9;"";2;37,2;16,0;0,7;18,9;61,8;17,6;54,1
"Bergen (L.)";81,3;72,4;3,6;3,8;6,1;7,5;8,5;8,4;"";555;578;361;554;293;35,2;20,5;11,4;"";5;44,1;16,3;1,3;18,4;63,4;17,3;56,8
"Bergen (NH.)";81,9;77,7;2,3;3,9;4,5;5,0;6,9;8,9;"";835;1004;727;878;565;30,9;16,9;13,7;"";3;36,7;11,8;0,8;18,0;76,0;18,8;42,6
"Bergen op Zoom";81,1;81,2;4,0;3,8;6,2;6,5;10,1;11,8;"";2998;3341;2036;2511;1237;25,4;14,1;12,0;"";8;46,9;19,7;0,7;18,3;63,7;21,4;53,5
"Berkelland";82,7;94,4;4,2;4,5;5,7;5,9;8,0;9,9;"";1835;1606;1178;1607;990;39,5;14,8;16,1;"";4;37,4;14,7;0,9;17,9;64,4;17,9;54,2
"Bernheze";81,6;81,4;3,8;3,4;4,8;4,9;7,8;10,4;"";1078;1137;801;880;578;33,1;16,0;8,6;"";3;36,2;17,7;0,7;19,9;62,6;14,9;46,2
"Best";82,4;82,0;1,4;2,6;5,3;5,0;7,2;8,2;"";1017;1455;474;968;525;32,5;18,7;22,5;"";3;42,5;21,0;0,8;20,0;65,8;16,6;54,0
"Beuningen";82,3;80,9;4,1;2,8;4,9;5,6;9,5;7,7;"";902;1189;508;856;541;28,4;15,6;9,6;"";4;38,8;19,9;0,6;19,5;63,5;17,6;51,9
"Beverwijk";81,1;79,4;4,0;2,8;5,3;6,2;9,9;11,0;"";1566;1850;952;1468;800;19,9;13,5;13,0;"";7;44,6;19,0;0,3;20,7;64,3;20,3;52,9
"Bladel";81,8;80,6;1,3;3,0;4,7;4,5;6,0;7,4;"";636;802;458;529;320;32,0;14,2;13,1;"";2;35,9;16,5;0,8;19,2;65,7;15,1;53,7
"Blaricum";82,8;"";"";"";"";"";"";6,6;"";296;357;187;280;218;30,2;15,3;17,5;"";3;42,4;17,0;0,5;18,6;61,3;17,9;39,3
"Bloemendaal";82,8;80,4;3,2;3,7;3,8;4,1;7,3;6,2;"";591;642;440;487;459;31,9;15,7;18,9;"";2;36,0;17,5;0,6;19,3;72,9;16,8;37,1
"Bodegraven-Reeuwijk";83,5;78,6;3,7;3,9;4,3;4,8;7,9;8,0;"";1134;1314;721;940;735;37,6;16,7;7,0;"";3;40,6;18,8;0,6;19,4;65,6;12,6;48,2
"Boekel";80,0;80,2;2,5;3,1;4,3;4,6;6,9;8,9;"";283;346;228;312;247;39,2;16,5;8,9;"";3;36,5;16,8;0,8;19,6;62,8;14,2;47,3
"Borger-Odoorn";81,5;80,9;3,4;4,0;5,6;7,0;7,6;9,4;"";1179;957;801;1118;573;36,2;13,9;"-";"";5;39,1;10,8;1,1;15,4;60,1;22,7;57,6
"Borne";82,3;80,5;5,1;4,1;4,5;6,0;8,2;7,4;"";777;741;535;821;460;37,4;15,8;12,0;"";3;39,8;16,4;0,8;18,3;66,9;15,0;53,9
"Borsele";83,3;77,9;3,2;3,2;4,3;4,4;7,8;8,7;"";803;925;420;617;445;39,6;21,3;11,4;"";3;40,9;16,5;0,9;17,3;65,3;18,6;45,9
"Boxmeer";82,9;79,9;3,5;3,1;5,7;6,0;8,3;8,2;"";1130;1234;642;1057;661;36,0;18,0;11,4;"";3;40,1;17,5;0,8;19,0;66,5;15,1;43,8
"Boxtel";81,0;82,8;5,5;3,0;4,9;5,4;10,2;9,2;"";973;1396;675;1070;567;29,3;16,1;8,1;"";4;40,5;19,1;0,6;19,7;70,7;23,5;50,1
"Breda";80,9;80,9;3,6;3,2;4,9;5,7;9,1;9,8;15;6721;8138;3633;5805;3040;26,6;15,1;14,8;19,8;7;43,1;21,1;0,6;19,2;61,0;19,7;45,1
"Brielle";80,9;79,4;3,3;2,8;4,8;5,9;7,7;7,0;"";635;625;366;615;357;27,7;11,5;"-";"";4;38,4;18,9;0,7;18,8;63,3;18,0;56,9
"Bronckhorst";82,9;80,2;3,6;4,9;5,7;6,3;7,7;9,2;"";1540;1404;1105;1476;809;41,6;17,6;8,0;"";3;34,3;14,5;1,2;17,8;64,8;15,8;54,7
"Brummen";82,7;80,0;3,0;4,5;5,7;6,1;8,8;7,9;"";974;998;511;860;435;35,3;17,4;12,2;"";4;38,1;15,0;0,8;18,0;67,3;16,1;53,5
"Brunssum";79,2;82,8;5,4;5,1;7,1;8,3;11,1;15,1;"";1331;1568;1083;1411;693;23,0;15,8;15,5;"";8;50,2;16,7;0,6;18,5;51,1;21,6;58,1
"Bunnik";86,3;78,7;4,9;3,2;4,7;5,2;9,3;5,8;"";548;596;325;453;227;39,2;17,6;9,6;"";2;36,5;17,8;0,6;19,5;71,8;14,0;41,3
"Bunschoten";81,8;79,1;3,6;2,2;3,6;4,7;8,0;7,0;"";531;948;369;644;293;41,1;13,5;14,3;"";2;32,2;15,4;0,8;19,2;62,1;18,0;50,9
"Buren";81,1;79,8;5,0;2,9;4,9;5,2;9,3;7,4;"";945;1169;603;1029;420;29,9;14,0;11,7;"";3;39,9;14,9;1,1;19,0;58,0;26,2;51,6
"Capelle aan den IJssel";81,6;80,4;4,0;3,2;5,2;6,2;9,6;10,1;10;2657;2910;1583;2655;1374;28,0;13,0;11,4;"";11;45,2;23,6;0,7;20,3;57,5;20,8;52,0
"Castricum";83,3;80,5;2,3;3,1;4,3;4,8;7,4;7,2;"";975;1258;750;894;699;30,8;16,7;11,2;"";3;37,4;15,0;0,6;19,1;69,7;13,7;41,0
"Coevorden";80,8;81,1;3,6;4,4;5,7;7,3;8,4;13,0;"";1657;1592;949;1584;888;34,3;11,7;"-";"";7;40,4;12,0;1,1;16,3;63,6;22,6;53,1
"Cranendonck";81,6;81,2;1,4;3,8;5,2;5,0;6,4;7,1;"";740;835;546;643;323;30,3;16,9;17,3;"";5;43,3;16,2;1,0;19,0;60,1;10,6;45,1
"Cuijk";80,9;81,0;4,8;3,3;5,6;6,1;10,0;10,1;"";998;1139;494;911;586;29,7;17,1;16,8;"";5;46,4;17,7;0,8;19,3;66,1;16,1;50,9
"Culemborg";81,4;79,6;5,7;2,9;4,4;4,6;10,3;9,4;"";1063;1301;526;985;445;30,5;13,9;15,7;"";6;45,9;16,5;0,4;19,5;60,0;18,1;48,2
"Dalfsen";83,2;73,3;2,9;3,7;4,1;4,7;6,3;7,2;"";922;1038;704;958;564;47,2;14,1;11,4;"";2;35,7;13,0;1,2;17,1;63,8;17,6;47,2
"Dantumadiel";81,3;77,7;3,2;4,3;6,0;6,3;9,1;9,2;"";719;1042;565;806;513;42,2;17,4;"-";"";5;39,1;9,4;0,9;15,4;64,3;20,4;54,2
"De Bilt";82,7;79,6;4,5;3,9;4,6;5,0;9,9;8,1;"";1451;1937;1035;1308;725;34,4;15,9;14,2;"";4;43,5;17,7;0,7;19,3;67,7;18,1;40,2
"De Fryske Marren";82,0;77,7;3,0;3,9;4,7;5,4;7,7;7,7;"";2162;2113;1250;1715;1131;36,8;13,8;9,8;"";5;40,2;11,2;"";15,5;63,0;21,2;46,8
"De Ronde Venen";83,1;78,7;3,2;2,4;4,1;4,6;7,5;7,9;"";1433;1543;888;1327;685;35,1;16,8;10,2;"";4;42,1;17,2;0,8;19,2;61,5;17,3;44,8
"De Wolden";81,8;80,2;3,0;4,4;4,9;6,5;6,9;8,0;"";976;813;665;911;533;35,8;16,9;13,6;"";4;37,3;11,8;1,1;16,4;60,5;20,3;50,2
"Delft";81,7;31,2;2,2;2,6;4,6;4,9;8,5;8,2;10;3388;4677;1582;3364;1779;26,2;10,1;14,7;18,6;10;48,9;25,0;0,5;20,6;63,8;18,5;41,8
"Delfzijl";79,7;83,6;4,5;4,5;7,3;9,5;10,1;13,9;"";1459;1139;791;1535;778;30,1;14,0;15,3;"";13;47,8;10,1;0,8;15,1;58,6;24,9;58,2
"Den Haag";80,5;78,6;4,2;2,6;4,7;6,5;10,2;14,6;55;18561;23648;8656;21473;8365;21,0;10,9;19,2;24,3;11;52,3;24,2;0,4;20,9;59,9;24,9;48,6
"Den Helder";80,4;80,3;1,9;3,6;5,9;6,9;7,3;10,0;10;2181;2425;1464;2414;1066;22,7;13,5;16,0;"";8;43,1;12,8;0,5;18,0;63,4;24,7;58,7
"Deurne";80,4;80,7;1,5;3,7;5,1;5,4;6,2;10,0;"";1297;1241;681;1112;573;33,3;18,4;5,6;"";4;37,5;18,2;0,7;19,9;61,9;16,5;48,5
"Deventer";81,4;80,5;5,6;3,5;4,9;5,7;11,3;10,0;"";3932;5109;1771;3559;2322;31,5;15,0;9,9;13,4;6;44,5;16,5;0,6;18,1;67,9;21,8;48,5
"Diemen";82,7;78,4;4,5;2,4;3,9;5,8;9,4;7,3;"";732;922;521;971;441;26,7;11,6;18,3;"";5;46,5;24,1;0,5;19,9;65,5;19,3;45,8
"Dinkelland";82,3;78,2;3,8;3,9;4,5;5,6;6,7;7,3;"";954;773;616;870;461;48,3;16,1;4,4;"";3;29,5;13,5;1,0;17,3;65,3;17,3;48,2
"Doesburg";80,8;83,8;5,0;4,2;6,0;7,7;10,8;9,3;"";522;610;300;459;228;34,6;15,5;15,5;"";6;43,3;16,0;0,6;18,3;58,2;22,0;59,8
"Doetinchem";81,5;81,6;4,5;3,9;5,9;6,2;10,0;8,7;"";2222;2810;1573;2114;1231;28,5;18,1;16,9;"";6;39,6;17,3;0,7;18,5;65,0;19,3;54,5
"Dongen";81,6;81,0;0,4;3,3;5,6;5,9;6,0;8,0;"";1077;1197;534;916;511;32,8;16,1;16,6;"";3;41,2;17,6;0,8;19,0;61,5;15,9;51,2
"Dordrecht";81,2;80,7;4,7;3,4;5,1;6,3;10,9;11,7;10;4432;6531;2592;4935;2582;27,3;13,4;14,4;19,0;9;47,7;22,8;0,7;19,9;61,0;24,9;49,1
"Drechterland";81,7;78,5;2,8;3,4;3,5;4,5;6,8;6,1;"";416;676;406;584;343;34,6;14,2;7,3;"";3;35,6;12,5;0,6;16,6;71,9;15,9;46,7
"Drimmelen";81,3;80,3;1,1;3,2;5,2;5,9;6,2;10,2;"";979;1172;646;943;500;32,6;14,2;15,1;"";2;37,6;18,9;0,7;19,1;64,8;16,7;53,6
"Dronten";83,7;79,4;4,9;3,0;4,6;5,3;9,5;8,0;"";1591;1740;757;1331;873;36,5;13,4;17,6;"";4;39,5;13,0;1,1;16,6;59,7;14,6;47,1
"Druten";82,5;79,4;4,2;2,8;5,1;5,9;9,0;9,1;"";816;932;388;665;420;28,0;15,6;11,9;"";4;39,3;16,7;0,7;19,3;56,6;19,8;57,1
"Duiven";82,7;81,4;6,4;2,8;5,1;5,5;10,9;10,1;"";992;1134;478;817;586;26,2;14,3;12,5;"";5;40,3;17,7;0,6;19,1;64,1;17,5;53,6
"Echt-Susteren";80,3;82,1;4,4;4,8;6,1;6,4;9,6;11,7;"";1240;1475;951;1179;719;25,0;16,5;19,4;"";5;49,0;18,0;0,7;18,9;60,0;19,5;53,8
"Edam-Volendam";82,3;82,1;2,7;2,5;4,3;4,9;6,4;6,5;"";1270;1125;816;1081;877;25,3;14,1;13,5;"";3;33,5;14,1;0,9;17,8;64,7;17,0;45,0
"Ede";82,4;77,6;4,9;3,2;4,4;5,4;9,8;10,2;"";4034;5238;1888;3894;1954;36,9;14,6;15,1;15,6;4;40,3;18,2;0,9;20,2;62,6;19,8;44,3
"Eemnes";85,9;"";"";"";"";"";"";7,9;"";279;355;131;294;209;34,4;14,6;12,7;"";3;38,9;17,2;0,6;18,8;65,0;17,9;49,5
"Eersel";81,1;80,1;1,1;3,3;4,8;4,6;6,3;6,3;"";506;777;374;517;327;36,1;18,0;12,9;"";3;32,9;16,5;1,0;18,8;65,8;14,1;47,2
"Eijsden-Margraten";82,3;80,7;2,8;3,5;5,2;5,6;8,3;8,2;"";839;1075;765;839;431;31,0;16,6;17,4;"";3;41,0;15,1;0,8;18,1;59,6;16,7;50,0
"Eindhoven";81,0;78,9;1,7;2,9;4,7;5,3;8,1;9,7;15;7202;10142;3917;7517;3680;26,0;12,8;15,9;23,4;8;48,0;23,1;0,6;20,3;66,5;20,7;41,2
"Elburg";82,0;78,7;3,6;3,1;5,0;5,7;8,8;6,5;"";894;1105;560;899;506;41,8;15,8;11,8;"";3;37,5;13,7;0,9;17,1;61,1;17,5;53,4
"Emmen";80,4;81,9;4,7;4,7;6,1;8,1;10,0;12,8;"";6036;5153;3216;5205;2734;30,4;15,1;"-";17,2;8;38,8;12,5;0,8;16,2;59,9;22,6;57,2
"Enkhuizen";80,5;79,0;1,8;3,4;4,1;5,6;7,5;6,9;"";524;852;464;608;336;30,0;13,5;9,4;"";7;41,0;12,5;0,5;16,3;63,4;21,2;46,7
"Enschede";80,0;78,5;4,6;3,7;5,0;6,5;9,9;12,7;25;6195;6651;3109;6242;2624;27,0;14,1;11,3;19,0;11;46,3;16,9;0,7;18,4;68,9;20,8;50,6
"Epe";82,5;81,7;4,5;4,8;6,2;7,0;9,1;9,2;"";1408;1415;909;1287;707;38,7;14,4;13,8;"";5;39,4;14,3;1,0;17,4;70,2;18,7;54,1
"Ermelo";81,6;76,2;4,7;3,3;5,5;5,7;10,3;7,6;"";984;1386;603;910;502;39,5;18,9;14,2;"";3;38,2;14,9;0,9;18,5;68,4;19,1;49,2
"Etten-Leur";81,4;81,3;2,1;3,2;5,6;6,0;7,6;9,9;"";1759;2078;891;1490;800;25,6;18,6;13,7;"";5;44,6;19,5;0,6;18,8;62,3;17,0;45,6
"Geertruidenberg";79,5;81,8;0,5;3,0;5,8;6,2;6,3;10,5;"";814;1071;514;830;461;24,9;16,3;14,3;"";4;42,7;20,2;0,6;19,7;60,9;18,9;53,2
"Geldrop-Mierlo";81,6;82,8;2,1;3,0;5,5;6,1;7,8;9,3;"";1337;1793;1121;1427;772;28,4;15,1;15,7;"";6;41,6;19,3;0,7;19,6;69,7;18,2;50,2
"Gemert-Bakel";81,3;80,3;4,5;3,4;4,3;5,5;8,4;11,8;"";1017;1073;626;938;526;36,4;16,9;13,6;"";4;40,8;17,6;0,8;19,6;66,1;15,8;48,5
"Gennep";79,8;77,1;3,3;3,3;5,4;6,2;7,8;7,5;"";669;699;364;725;382;34,7;22,4;7,1;"";4;39,7;16,4;0,8;18,8;67,3;15,8;49,6
"Gilze en Rijen";81,6;81,8;1,4;3,2;5,7;6,8;6,8;9,7;"";1044;1159;628;1041;563;31,7;15,7;15,7;"";6;43,8;18,2;0,5;19,0;63,0;18,2;58,2
"Goeree-Overflakkee";82,3;79,8;4,0;3,7;5,7;6,9;9,4;10,4;"";2372;2699;1111;1988;979;37,5;15,1;5,9;"";3;37,3;16,0;0,9;18,1;59,3;19,6;52,7
"Goes";82,5;79,8;2,9;4,2;6,2;5,7;9,1;9,5;"";1743;1875;886;1204;869;33,4;20,6;2,0;"";5;39,2;17,5;0,9;18,0;73,6;22,0;50,7
"Goirle";82,2;80,9;4,3;2,7;5,9;5,9;9,2;7,6;0;1029;1060;599;823;517;28,6;15,7;14,8;0,1;3;36,8;18,7;0,6;19,0;68,7;15,4;51,3
"Gooise Meren";82,8;81,4;3,8;2,8;3,9;4,1;8,5;8,1;"";1766;2188;1063;1428;1192;31,8;12,9;13,4;"";3;37,6;17,7;0,6;19,0;63,9;16,2;40,2
"Gorinchem";80,9;80,2;4,2;3,7;5,4;6,1;10,1;10,4;"";1373;1997;923;1418;762;32,3;13,1;22,8;"";7;44,7;21,0;0,5;19,7;59,8;21,9;52,2
"Gouda";81,6;79,4;4,0;4,8;4,8;5,8;9,2;10,9;10;2824;3135;1503;2603;1591;29,7;14,7;10,8;22,7;7;44,3;21,3;0,5;19,9;63,5;16,6;47,0
"Grave";80,9;78,9;2,2;3,2;5,3;5,5;7,5;9,1;"";479;554;258;421;282;36,9;21,2;15,5;"";4;45,0;16,7;0,8;19,1;61,7;17,3;47,3
"Groningen";80,6;78,5;5,0;2,6;3,7;4,8;11,6;6,7;15;6884;9957;3282;6388;3641;30,9;10,2;15,0;14,7;11;40,3;14,4;0,6;16,1;68,6;26,8;39,1
"Gulpen-Wittem";81,6;82,0;4,3;3,6;5,8;6,0;9,4;8,9;"";520;639;524;540;291;32,6;18,0;6,5;"";4;41,4;13,3;0,7;17,8;53,8;15,5;51,3
"Haaksbergen";81,0;79,8;3,4;3,9;4,8;5,7;7,1;8,1;"";1000;793;504;759;456;37,3;18,0;8,9;"";4;35,5;14,8;0,9;18,0;67,2;14,1;52,7
"Haaren";82,6;78,6;3,7;2,5;4,4;4,5;7,7;6,6;"";479;474;352;393;279;43,3;20,3;13,9;"";2;37,7;16,8;1,1;19,3;69,9;14,0;48,0
"Haarlem";80,6;78,6;4,9;2,7;4,0;5,0;10,3;8,7;10;4662;6860;2744;4733;2796;24,6;11,9;13,5;18,2;6;42,6;20,5;0,5;20,4;67,1;22,5;43,9
"Haarlemmermeer";82,8;79,5;4,7;2,0;4,2;5,2;8,9;5,7;"";4493;5538;2325;4797;2965;26,0;12,6;12,8;13,0;4;41,9;20,3;0,7;19,5;59,4;17,4;49,7
"Halderberge";82,1;82,1;1,7;4,0;6,7;7,1;7,2;10,1;"";1351;1345;832;1287;577;28,2;18,2;7,5;"";5;39,9;18,3;0,7;18,3;57,3;16,1;54,7
"Hardenberg";81,4;79,8;3,8;3,6;4,7;5,9;8,6;7,9;"";2240;2718;1354;2187;1252;45,4;14,7;11,4;"";4;35,4;12,9;1,2;17,2;64,0;19,9;52,7
"Harderwijk";81,8;80,2;5,0;3,1;5,3;5,8;10,5;12,6;"";1955;2456;926;1640;881;34,1;16,6;9,1;"";5;40,0;16,9;0,6;18,4;64,4;21,5;46,2
"Hardinxveld-Giessendam";82,7;77,7;4,9;3,8;4,9;5,6;9,4;8,5;"";697;878;425;609;312;41,1;15,5;12,6;"";3;37,9;21,1;0,6;19,6;56,7;17,6;48,9
"Harlingen";79,6;78,2;4,5;4,1;5,5;6,3;9,9;8,4;"";602;845;347;619;433;29,5;11,6;"-";"";7;43,6;10,5;0,8;15,5;71,2;22,9;51,8
"Hattem";82,9;77,8;3,0;3,5;4,9;5,5;8,3;8,8;"";423;587;318;408;265;42,0;18,3;8,9;"";3;39,7;15,2;0,7;17,2;67,9;14,9;51,8
"Heemskerk";81,6;79,7;4,0;2,8;4,9;6,4;9,0;10,5;"";1336;1540;922;1547;795;25,6;13,5;17,4;"";7;37,5;17,9;0,6;19,9;68,7;18,9;48,8
"Heemstede";82,5;80,1;4,3;3,8;4,7;4,6;8,8;9,6;"";774;931;581;672;532;33,3;14,5;14,7;"";2;35,3;18,5;0,9;19,5;71,9;16,1;41,9
"Heerde";81,6;79,1;4,6;3,7;5,6;6,3;9,2;8,8;"";711;853;625;750;498;45,3;15,7;8,4;"";3;32,9;14,1;1,0;17,2;65,2;15,5;48,9
"Heerenveen";81,7;78,5;3,0;4,2;5,1;5,7;8,4;5,9;"";1840;2174;1151;1855;1259;33,8;12,8;11,3;"";6;42,5;11,9;0,9;15,5;65,4;20,7;47,9
"Heerhugowaard";82,1;79,6;2,5;2,6;4,5;5,1;7,8;9,9;20;1605;2334;852;1771;1010;23,5;12,4;13,3;"";4;45,2;14,5;0,8;18,1;66,1;19,1;49,8
"Heerlen";79,5;83,3;6,3;5,0;7,5;7,8;13,3;15,4;15;4128;5352;3191;4132;2046;20,1;15,5;16,8;23,3;13;53,1;18,2;0,6;18,6;53,0;26,8;55,5
"Heeze-Leende";81,6;80,5;1,4;3,1;4,6;4,8;5,7;6,8;"";441;554;401;417;335;39,8;19,8;19,5;"";2;43,6;17,7;1,0;19,0;68,2;15,3;47,2
"Heiloo";84,2;79,7;2,5;4,0;4,3;4,5;7,7;7,3;"";600;871;438;569;413;32,8;15,1;13,0;"";2;41,7;14,8;0,7;18,6;71,2;13,7;41,8
"Hellendoorn";81,0;80,9;4,1;3,6;5,1;5,9;8,2;8,5;"";1309;1502;915;1290;793;38,1;17,1;6,5;"";3;33,6;14,0;0,8;17,6;68,9;16,8;51,3
"Hellevoetsluis";82,4;80,0;4,4;2,8;5,3;6,4;9,7;8,8;0;1703;1827;831;1575;875;25,4;14,7;0,6;0,6;6;44,7;17,8;0,6;18,9;65,9;23,1;55,4
"Helmond";80,6;81,2;3,0;3,3;5,0;6,0;8,6;13,3;"";3571;4333;1809;3320;1376;24,1;16,4;15,7;19,4;7;45,9;20,4;0,7;19,9;62,6;23,5;52,7
"Hendrik-Ido-Ambacht";83,8;80,7;4,1;2,5;4,2;5,4;8,8;7,3;"";1058;1362;552;974;618;34,0;17,3;14,9;"";4;37,2;23,4;0,5;20,0;52,3;18,8;50,6
"Hengelo";81,8;70,2;4,5;4,0;4,5;6,3;9,1;10,8;"";2969;3177;1816;2974;1562;29,4;14,8;8,8;11,3;6;46,8;17,1;0,6;18,4;67,2;19,7;51,4
"Het Hogeland";81,2;79,5;4,0;3,7;5,5;6,8;9,7;9,3;"";2070;2349;1192;2124;1063;37,6;16,9;10,7;"";6;42,9;8,8;1,0;15,0;62,8;20,6;53,7
"Heumen";83,6;78,9;5,3;3,2;4,9;5,0;9,6;6,1;"";593;697;404;513;409;35,3;17,5;11,1;"";3;38,7;18,2;0,6;19,2;71,6;13,2;45,1
"Heusden";83,2;81,2;3,6;3,0;5,0;5,4;8,4;9,4;"";1550;1913;993;1425;922;27,9;14,3;12,3;"";3;45,1;17,7;0,9;19,2;62,1;21,5;52,9
"Hillegom";81,2;81,3;3,2;2,7;4,6;5,2;8,5;9,4;"";723;960;429;666;436;28,7;16,4;20,0;"";4;39,6;17,1;0,7;19,2;68,3;17,9;50,2
"Hilvarenbeek";82,7;79,8;2,9;2,4;5,1;5,1;7,3;6,8;"";567;572;340;438;358;38,5;18,2;13,2;"";3;39,4;16,6;1,0;18,9;65,5;13,3;51,1
"Hilversum";81,1;79,2;4,2;2,7;4,3;5,0;9,8;9,5;"";2863;3924;1507;2743;1928;25,8;11,3;19,9;21,4;5;41,3;18,6;0,5;19,6;56,5;17,6;41,0
"Hoeksche Waard";82,8;81,2;3,4;3,1;5,2;5,9;8,5;8,3;"";3400;3992;1952;2891;1989;33,6;16,5;15,1;"";3;38,4;19,5;0,8;18,7;58,8;16,9;55,3
"Hof van Twente";81,4;78,0;3,6;4,8;5,4;6,5;7,4;8,8;"";1403;1283;951;1326;768;43,5;16,6;15,4;"";4;33,9;14,8;0,9;18,0;67,9;18,2;54,7
"Hollands Kroon";82,8;77,5;1,6;3,1;4,0;5,1;5,4;7,9;"";1367;1593;1023;1601;764;33,9;14,4;12,1;"";4;39,7;11,4;0,9;16,5;65,9;19,7;51,9
"Hoogeveen";81,6;81,7;4,0;3,9;6,1;6,9;9,5;11,9;"";2879;2530;1460;2381;1423;35,5;14,0;"-";"";6;43,0;13,6;0,8;16,7;62,7;22,6;56,8
"Hoorn";80,7;79,6;3,2;3,3;4,2;5,5;8,8;7,9;"";2114;3402;1421;2518;1264;23,5;12,3;12,9;15,8;6;42,8;14,8;0,6;17,4;64,3;18,6;50,2
"Horst aan de Maas";82,1;79,6;2,5;2,9;5,2;5,4;6,9;6,4;"";1433;1573;1045;1354;726;38,4;16,2;11,8;"";3;40,0;18,0;1,1;19,4;64,6;14,3;49,6
"Houten";82,6;78,5;4,3;2,1;3,7;4,2;9,5;4,9;"";1439;2250;667;1300;780;34,5;17,9;13,3;"";3;34,6;18,0;1,1;19,7;62,7;12,2;43,2
"Huizen";81,9;82,1;4,7;2,6;4,5;5,4;9,6;7,3;"";1290;1777;842;1389;996;32,3;14,4;15,9;"";5;37,5;16,0;0,6;18,7;57,5;17,4;47,4
"Hulst";81,9;79,3;3,3;4,7;5,3;6,5;8,1;12,8;"";828;1151;813;763;486;28,0;20,6;15,2;"";4;45,7;16,7;1,0;17,2;61,6;13,8;52,7
"IJsselstein";82,8;81,4;5,1;2,7;4,8;5,6;9,9;9,1;"";1374;1561;654;1224;565;31,8;15,6;16,7;"";5;46,6;20,0;0,6;20,1;59,7;18,1;52,2
"Kaag en Braassem";82,5;80,0;3,6;2,7;4,4;4,7;8,1;6,0;"";912;1144;510;745;545;37,3;16,0;10,9;"";3;44,6;18,5;1,0;19,2;68,0;18,0;52,9
"Kampen";82,2;77,4;4,1;3,1;4,4;5,7;9,1;8,1;"";1967;2520;1150;1829;867;41,8;16,6;10,2;"";3;39,4;14,4;0,8;17,0;67,3;17,2;51,1
"Kapelle";83,8;78,4;2,6;3,4;4,3;4,8;7,2;11,5;"";428;522;233;348;235;39,7;16,7;6,1;"";3;43,4;17,1;0,6;17,5;65,4;11,4;49,1
"Katwijk";80,7;78,9;3,0;2,8;5,2;4,9;8,5;9,3;"";2332;3034;1371;2328;1272;34,4;13,7;13,8;"";4;39,0;19,1;0,5;20,0;64,8;19,7;57,5
"Kerkrade";78,5;83,6;5,5;5,0;7,4;8,6;11,2;15,1;"";2173;2249;1753;2371;950;21,9;14,9;16,1;"";10;55,7;16,6;0,7;18,6;52,4;26,0;57,2
"Koggenland";81,7;76,0;1,7;2,8;3,4;4,1;5,4;4,8;"";477;678;435;593;326;38,7;12,6;12,6;"";3;35,6;13,1;0,9;17,4;67,8;17,8;46,4
"Krimpen aan den IJssel";83,2;81,0;3,7;2,9;4,9;6,0;8,7;9,2;"";1056;1261;733;1021;589;28,9;16,0;12,0;"";5;42,9;22,2;0,6;20,0;63,1;17,0;54,6
"Krimpenerwaard";82,6;78,9;4,0;4,1;4,5;4,8;8,4;8,4;"";1845;2268;1232;1664;1083;33,3;17,6;13,3;"";4;40,0;18,8;0,7;19,4;60,9;17,4;52,8
"Laarbeek";81,7;81,2;3,5;3,6;5,3;5,9;7,6;7,8;"";926;863;461;790;391;35,3;17,0;15,1;"";4;38,9;18,4;1,1;19,6;66,9;16,5;50,1
"Landerd";81,5;79,7;3,2;3,4;5,0;4,8;7,5;10,9;"";542;639;374;476;290;37,5;16,8;15,9;"";4;35,0;16,9;0,8;19,5;62,2;14,1;49,3
"Landgraaf";81,6;83,0;5,9;4,2;6,8;8,2;11,1;13,5;"";1608;1935;1371;1777;905;21,2;15,4;11,9;"";9;47,6;16,5;0,6;18,7;54,1;22,0;54,9
"Landsmeer";84,8;82,7;3,2;2,0;4,4;5,6;7,8;8,8;"";369;386;279;362;228;26,0;16,2;17,1;"";4;39,5;18,6;0,8;19,3;66,8;20,5;48,9
"Langedijk";83,7;77,4;2,0;2,5;3,7;4,6;6,5;5,1;"";706;1024;454;728;438;34,6;16,0;13,4;"";4;36,7;14,1;0,7;17,8;70,7;16,3;49,7
"Lansingerland";83,6;79,0;3,4;1,6;3,2;3,6;7,8;4,2;"";1841;2310;718;1381;986;34,2;10,9;7,3;"";3;39,2;21,6;0,7;19,5;63,3;16,9;51,4
"Laren";79,8;"";"";"";"";"";"";7,8;"";368;366;256;294;229;33,6;14,6;11,2;"";3;35,3;17,1;0,5;18,8;66,6;16,5;42,8
"Leeuwarden";80,8;77,7;4,4;3,9;5,1;5,5;11,3;8,2;20;4314;6702;2566;4194;3179;31,4;13,2;13,7;18,8;11;43,7;12,6;0,7;15,8;65,0;23,1;48,3
"Leiden";81,1;77,7;4,5;2,3;4,2;4,4;11,4;8,5;10;3883;6398;1914;3537;1919;27,3;10,9;16,8;16,7;8;43,7;22,7;0,5;20,3;67,7;20,4;41,0
"Leiderdorp";84,1;79,6;4,0;2,8;4,9;4,6;9,6;8,2;"";1002;1306;612;896;538;28,8;14,9;17,6;"";5;46,1;21,5;0,6;19,9;70,3;13,7;51,3
"Leidschendam-Voorburg";83,8;80,5;4,2;3,1;4,9;6,1;9,7;9,5;15;2606;3362;1596;2693;1412;27,7;13,5;14,6;12,3;7;46,3;24,5;0,6;20,3;63,9;16,3;48,6
"Lelystad";80,1;79,3;4,6;2,8;4,7;6,5;9,8;9,3;10;3531;3260;1499;3195;1406;25,3;11,8;21,3;19,1;8;47,4;14,7;1,1;17,1;57,4;20,5;55,1
"Leudal";81,5;81,7;4,2;3,3;4,9;6,0;8,3;8,5;"";1350;1293;1052;1220;679;34,1;19,2;11,6;"";3;44,7;17,2;0,8;19,4;63,9;17,2;49,5
"Leusden";83,5;80,3;4,3;4,2;3,9;4,3;9,0;6,4;"";910;1195;503;850;492;36,8;14,7;10,9;"";3;37,7;16,5;0,7;19,5;65,2;18,4;43,8
"Lingewaard";82,6;81,3;4,0;3,0;5,1;5,6;9,0;7,8;"";1722;2153;935;1506;1061;28,8;13,7;9,0;"";3;39,3;17,7;0,6;19,1;67,1;15,4;56,5
"Lisse";83,1;80,0;4,1;3,2;4,6;5,7;8,9;8,1;"";794;890;435;747;434;29,3;15,4;9,4;"";3;37,5;17,3;0,7;19,3;67,2;16,6;48,9
"Lochem";82,1;79,7;3,5;4,6;4,9;5,6;8,3;8,0;"";1268;1337;844;1168;725;43,5;18,1;8,9;"";4;34,6;14,9;1,1;17,8;69,1;15,9;50,0
"Loon op Zand";81,5;81,4;3,0;3,2;6,0;6,1;8,8;8,5;"";971;1182;645;832;500;31,0;14,6;8,7;"";3;44,5;18,0;0,7;19,3;62,6;16,9;54,8
"Lopik";83,9;78,2;3,1;2,7;4,1;4,2;7,3;7,2;"";445;576;263;381;230;40,5;19,2;11,8;"";4;40,2;16,9;1,2;19,3;59,4;15,8;48,4
"Loppersum";81,8;81,0;4,3;3,3;6,7;7,2;10,4;9,1;"";457;532;275;414;245;49,0;17,6;9,7;"";5;38,9;8,8;1,3;14,9;58,6;20,2;52,7
"Losser";80,0;77,0;4,3;3,9;5,4;7,1;7,8;11,7;"";972;719;527;954;351;33,0;16,5;11,7;"";5;37,3;14,3;1,1;17,6;63,6;15,9;55,1
"Maasdriel";81,7;78,7;4,1;3,1;4,5;6,0;7,9;8,6;"";823;894;577;891;416;30,8;17,0;13,3;"";3;34,8;17,3;0,8;19,4;56,2;22,3;55,1
"Maasgouw";81,9;81,1;4,4;3,7;5,6;6,4;8,4;9,1;"";907;859;745;857;499;29,4;16,9;13,4;"";3;45,6;18,0;0,6;18,8;62,0;19,1;52,6
"Maassluis";81,7;24,6;1,2;2,6;5,1;5,7;6,4;8,3;"";1153;1429;725;1377;552;26,7;12,1;"-";"";9;42,7;22,4;0,5;19,7;60,9;21,4;48,6
"Maastricht";80,9;81,5;4,2;4,3;6,1;6,1;11,7;11,0;10;4668;6520;3427;4164;1779;23,8;14,3;14,8;21,8;9;47,7;19,8;0,5;19,0;61,3;22,7;45,6
"Medemblik";81,2;78,3;3,0;3,0;4,0;4,9;7,4;5,7;"";1116;1799;926;1446;715;37,0;15,1;11,6;"";4;40,7;12,5;0,7;16,4;65,5;17,3;49,5
"Meerssen";82,6;83,2;4,8;3,8;6,1;6,1;10,5;9,6;"";813;924;597;697;356;28,9;14,0;14,9;"";3;42,3;17,8;0,8;18,6;60,2;16,7;50,7
"Meierijstad";82,3;81,9;4,5;3,1;4,8;5,2;8,7;10,1;10;2432;3411;1987;2736;1548;35,6;18,8;12,2;"";4;39,7;19,0;0,8;19,9;63,9;18,4;50,2
"Meppel";81,1;82,0;4,1;3,7;5,0;6,4;10,0;11,9;"";1171;1680;800;1262;697;32,3;12,9;"-";"";5;41,8;13,9;0,7;16,7;60,6;22,1;46,8
"Middelburg";83,0;79,3;4,0;3,9;4,3;4,9;9,3;10,4;"";1532;2248;995;1423;1044;33,1;23,0;14,5;"";8;44,9;17,2;0,8;17,7;67,5;18,0;47,6
"Midden-Delfland";84,2;23,4;1,2;2,5;3,5;3,4;5,2;5,8;"";512;655;268;455;336;38,9;15,6;8,6;"";3;39,9;22,8;0,8;19,8;72,0;15,7;47,7
"Midden-Drenthe";80,7;79,4;3,4;4,2;5,3;6,7;8,7;9,3;"";1323;1370;887;1328;753;35,0;12,0;"-";"";4;39,5;11,4;1,1;15,7;61,9;21,3;54,8
"Midden-Groningen";80,3;81,3;4,3;3,9;6,1;8,5;9,8;10,8;"";3143;2714;1625;3248;1424;29,0;15,5;9,3;"";8;46,0;10,8;1,0;15,3;59,0;22,8;55,8
"Mill en Sint Hubert";80,5;78,8;2,7;3,1;5,7;5,9;7,8;10,5;"";467;492;213;385;293;44,8;19,3;14,3;"";4;40,1;16,2;0,8;19,3;63,6;13,7;49,5
"Moerdijk";81,9;81,6;3,9;3,7;5,4;6,1;8,7;10,5;"";1544;1729;967;1384;736;34,2;19,9;16,4;"";4;41,8;18,6;0,6;18,4;62,7;17,4;54,8
"Molenlanden";83,0;77,8;3,5;2,8;4,2;4,5;7,6;7,3;"";1462;1820;925;1260;805;44,8;17,7;14,4;"";3;34,5;18,4;1,4;19,3;59,3;15,8;54,7
"Montferland";81,6;79,3;4,0;4,1;5,7;6,5;8,2;11,7;"";1451;1416;1047;1479;742;31,8;17,2;12,9;"";3;37,7;16,7;0,6;18,5;64,8;18,1;55,0
"Montfoort";85,6;78,2;4,0;2,4;3,8;4,2;7,8;6,6;"";483;474;225;392;186;45,4;13,0;12,0;"";3;33,9;17,4;0,6;19,6;64,3;15,3;50,0
"Mook en Middelaar";86,4;81,0;4,2;3,3;4,4;5,3;8,4;6,6;"";284;270;137;226;202;36,3;19,7;16,2;"";3;40,4;16,6;0,8;18,8;70,0;13,5;43,9
"Neder-Betuwe";81,5;82,1;5,5;3,0;6,1;5,6;10,9;9,8;"";971;1326;600;918;437;32,5;15,1;11,3;"";3;36,8;17,6;1,2;19,6;52,0;20,4;59,1
"Nederweert";82,8;82,5;4,4;3,3;5,0;4,4;7,9;7,5;"";560;609;464;499;310;30,4;18,0;8,5;"";4;42,7;18,0;1,0;21,4;60,1;16,3;47,9
"Nieuwegein";82,2;79,9;4,8;2,6;5,1;6,5;10,3;9,1;"";2437;3211;1267;2587;1122;24,7;15,4;19,4;"";6;47,4;23,9;0,6;20,5;65,7;19,5;53,0
"Nieuwkoop";82,2;79,3;3,1;2,4;4,3;4,4;6,8;9,6;"";919;924;524;820;563;34,9;14,7;7,4;"";3;34,1;16,0;0,8;18,8;65,9;18,8;51,4
"Nijkerk";82,9;78,1;4,6;2,5;4,4;5,6;9,3;8,9;"";1449;1879;819;1385;648;37,9;13,5;"-";"";3;37,0;16,9;1,0;19,3;66,1;18,5;43,7
"Nijmegen";80,8;79,0;5,4;3,0;4,4;4,9;11,6;8,9;15;6292;8922;2878;5366;2848;27,2;11,5;13,6;21,6;10;43,2;21,7;0,7;19,9;65,8;23,3;38,9
"Nissewaard";82,6;81,6;4,9;2,6;5,9;6,8;10,0;10,8;10;3756;3838;2030;3765;2116;22,7;12,6;18,1;21,1;9;48,7;20,9;0,6;19,3;57,0;22,3;56,9
"Noardeast-Fryslân";80,9;77,0;3,8;3,9;5,5;5,4;9,3;8,2;"";1538;2351;1159;1552;1231;41,4;14,5;"-";"";5;40,5;9,0;1,1;15,3;63,9;20,9;54,6
"Noord-Beveland";80,7;81,3;3,4;4,0;5,3;5,7;8,5;7,8;"";273;325;187;268;176;37,2;18,6;14,1;"";4;44,0;14,8;1,0;17,1;65,5;20,0;53,4
"Noordenveld";83,2;80,5;3,3;3,9;4,9;7,0;8,1;8,1;"";1260;1184;814;1283;697;33,2;14,0;"-";"";5;40,5;10,0;0,9;15,1;68,4;19,2;51,1
"Noordoostpolder";82,1;77,7;3,6;3,0;4,2;5,0;8,0;6,8;"";1542;1840;1137;1482;941;43,6;14,9;17,6;"";6;39,4;12,1;1,1;15,9;58,8;17,6;47,5
"Noordwijk";81,9;79,2;3,4;3,1;4,5;4,6;8,6;8,9;"";1318;1836;848;1226;662;30,2;14,3;8,5;"";2;39,3;16,6;0,6;19,4;65,3;18,4;48,8
"Nuenen c.a.";83,3;81,1;1,0;3,0;4,7;4,7;6,1;7,1;"";721;930;458;686;434;33,5;23,2;13,0;"";5;39,3;19,6;0,9;19,5;72,1;14,8;42,6
"Nunspeet";82,5;77,7;3,9;3,3;5,0;5,6;9,1;8,2;"";978;1381;690;951;481;41,9;17,6;15,9;"";3;37,2;13,5;0,9;17,2;61,6;17,8;48,5
"Oegstgeest";83,0;78,5;3,9;2,5;4,0;3,9;9,7;7,9;"";703;1073;410;561;435;31,4;13,7;13,2;"";3;46,0;20,3;0,6;19,7;68,2;12,5;38,1
"Oirschot";81,9;82,5;2,1;3,2;4,7;4,7;6,7;6,8;"";641;769;374;543;281;37,7;20,5;8,8;"";2;37,1;17,9;0,9;19,5;65,3;15,9;51,1
"Oisterwijk";82,2;82,5;2,3;3,0;5,8;5,1;8,1;8,1;"";1080;1176;655;827;596;27,0;21,0;16,4;"";3;38,5;17,9;0,7;19,3;72,1;17,6;49,6
"Oldambt";79,3;81,1;4,3;4,8;7,4;8,3;10,7;12,0;"";2314;1892;1331;2095;971;26,0;14,8;12,2;"";10;48,4;10,8;0,8;15,2;62,8;23,4;64,2
"Oldebroek";82,2;77,3;2,8;3,3;4,8;6,1;8,0;7,2;"";782;1139;669;977;428;40,5;17,2;13,7;"";3;39,6;14,5;1,1;17,1;62,9;16,5;55,6
"Oldenzaal";81,7;80,3;4,7;4,2;5,1;6,6;8,7;10,0;"";1251;1172;729;1181;577;28,3;13,8;10,2;"";5;38,9;15,6;0,7;17,7;68,4;20,7;52,3
"Olst-Wijhe";81,7;80,3;4,6;3,7;5,1;5,6;9,3;7,3;"";746;782;376;650;477;40,3;16,6;7,8;"";3;36,1;13,5;1,2;17,3;64,0;16,8;52,7
"Ommen";82,3;75,3;3,1;3,9;4,2;5,8;7,6;6,7;"";580;706;383;643;327;47,5;15,9;12,8;"";4;35,0;12,7;1,3;17,2;66,3;14,7;52,2
"Oost Gelre";80,8;98,0;4,2;3,9;5,1;5,3;8,2;7,0;"";1088;1189;631;947;663;41,8;16,2;10,3;"";3;33,2;15,3;0,9;18,2;68,0;17,2;50,0
"Oosterhout";81,8;81,7;0,5;3,2;5,7;6,3;7,0;11,4;"";2366;2911;1248;2087;1053;24,9;18,0;14,8;"";6;44,1;19,8;0,6;19,7;61,5;19,7;50,1
"Ooststellingwerf";80,4;80,5;3,2;4,0;5,2;6,3;8,7;8,8;"";963;1143;670;1059;562;34,0;13,3;15,3;"";5;41,4;10,2;0,9;15,4;63,7;19,8;53,4
"Oostzaan";84,6;81,0;3,4;2,5;3,8;5,5;7,8;5,4;"";261;345;232;290;195;22,8;14,5;11,7;"";4;31,7;20,0;0,7;19,7;67,7;19,1;49,0
"Opmeer";82,1;77,7;3,4;3,0;3,8;4,9;7,1;5,8;"";279;358;231;350;206;37,6;16,5;10,8;"";3;38,7;12,3;0,7;17,0;63,5;17,0;43,6
"Opsterland";81,7;76,8;3,0;3,3;4,4;5,3;8,0;6,6;"";1046;1290;622;1070;638;38,2;13,5;16,1;"";5;39,4;10,4;0,9;15,3;63,9;18,4;49,7
"Oss";81,9;81,5;4,4;3,6;5,5;5,9;9,7;10,4;10;3785;4337;2290;3303;1732;31,4;16,2;16,4;14,2;5;43,4;17,9;0,7;19,7;62,4;21,3;52,9
"Oude IJsselstreek";80,7;79,6;3,8;4,5;5,8;6,8;8,1;8,8;"";1537;1635;1309;1752;827;36,7;17,3;14,5;"";5;39,2;16,2;0,9;18,4;65,2;16,5;59,1
"Ouder-Amstel";82,2;78,4;3,5;2,4;4,0;4,6;7,9;6,6;"";385;421;285;387;267;31,4;14,4;8,3;"";4;38,1;22,7;0,8;19,8;68,1;15,8;43,5
"Oudewater";81,8;77,6;4,5;3,4;4,1;4,3;8,2;7,3;"";358;364;229;267;175;41,7;15,5;11,0;"";3;38,0;16,7;0,9;19,3;63,4;16,3;49,2
"Overbetuwe";82,4;81,6;4,1;2,6;4,7;5,5;9,1;7,9;10;1718;2175;851;1449;1010;31,6;15,5;16,4;"";3;43,6;18,1;0,8;19,2;63,0;16,4;53,7
"Papendrecht";83,7;79,9;3,6;3,1;5,0;5,8;8,9;9,3;"";1251;1595;736;1265;787;28,3;14,9;20,0;"";5;45,9;23,9;0,6;20,2;60,6;18,7;52,5
"Peel en Maas";82,4;79,8;2,5;3,0;5,2;5,3;6,9;10,2;"";1550;1561;1022;1381;799;32,8;16,1;10,9;"";3;42,0;17,4;0,8;19,4;61,4;16,3;49,1
"Pekela";78,7;83,7;4,6;4,7;7,3;9,9;9,9;13,1;"";756;569;480;779;301;28,3;17,0;7,7;"";12;45,8;10,8;1,0;15,3;55,0;24,9;61,7
"Pijnacker-Nootdorp";83,1;28,8;1,7;1,9;3,5;3,6;6,6;6,7;"";1452;2159;630;1359;1034;35,0;14,9;20,3;"";3;43,5;22,5;0,7;19,8;65,5;14,4;46,5
"Purmerend";81,6;81,8;4,6;3,2;5,2;7,4;9,8;11,3;"";3347;3372;1967;3294;1886;18,0;12,5;27,3;9,4;6;42,1;16,4;0,5;18,7;60,4;21,3;56,3
"Putten";82,9;79,0;4,2;3,3;5,7;5,5;9,5;9,3;"";969;1209;590;842;560;39,0;17,4;15,6;"";3;37,0;14,7;1,0;18,9;66,2;19,7;50,4
"Raalte";83,0;78,3;4,4;3,7;4,6;4,9;8,5;8,2;"";1325;1540;806;1102;928;43,2;14,5;15,3;"";4;33,1;13,8;1,3;17,5;67,4;18,2;50,7
"Reimerswaal";82,7;76,6;2,1;2,9;5,1;5,0;7,6;8,8;"";830;1122;516;677;445;35,5;16,6;10,8;"";4;45,2;17,3;0,6;17,6;59,2;19,0;50,8
"Renkum";81,4;80,5;4,5;4,3;5,2;5,7;10,8;7,7;"";1301;1566;793;1051;698;32,2;16,6;18,0;"";6;41,7;17,1;0,8;18,8;67,9;16,0;46,1
"Renswoude";83,5;77,2;3,3;2,1;3,5;4,1;6,6;5,6;"";171;173;76;127;65;41,2;14,3;6,1;"";2;29,5;15,6;0,8;20,9;59,3;18,5;50,7
"Reusel-De Mierden";82,9;81,1;1,6;2,4;5,2;4,5;6,5;6,5;"";470;527;270;377;254;40,5;19,3;15,7;"";3;35,6;16,1;0,7;19,2;61,5;14,3;53,2
"Rheden";81,2;81,5;4,5;4,2;5,7;6,3;10,1;8,7;"";1887;2135;1114;1564;933;30,5;15,3;16,5;"";7;43,1;18,2;0,6;18,6;63,8;19,6;50,5
"Rhenen";83,6;78,0;3,7;3,5;4,6;5,8;8,3;8,4;"";696;834;401;703;331;38,7;15,9;13,3;"";3;39,2;16,3;1,3;19,5;56,9;19,8;48,8
"Ridderkerk";83,3;82,3;4,3;3,5;5,7;7,0;9,5;8,0;"";1710;2116;1147;1969;1272;28,9;13,3;13,5;"";7;41,7;24,1;0,6;20,0;55,9;17,0;55,8
"Rijssen-Holten";82,7;80,7;4,2;3,7;4,8;5,2;8,2;8,4;"";1456;1580;933;1278;878;37,1;18,4;8,6;"";3;32,3;15,5;0,8;18,0;63,1;17,2;49,4
"Rijswijk";81,7;77,7;3,9;3,4;5,6;6,6;9,8;10,6;"";1953;2338;1119;1995;1061;21,7;14,3;15,4;"";8;47,5;26,0;0,5;20,5;63,9;19,3;48,7
"Roerdalen";82,1;82,2;4,5;3,6;5,5;6,6;9,1;9,2;"";788;824;659;802;442;32,1;18,1;12,8;"";4;46,9;16,2;0,8;18,5;64,7;17,9;57,1
"Roermond";80,4;81,6;4,6;3,3;5,7;6,3;10,5;10,9;"";2526;2870;1666;2366;1091;27,6;16,8;10,4;"";9;47,3;20,3;0,7;19,2;61,4;20,4;50,0
"Roosendaal";81,0;80,9;3,8;4,0;5,5;6,4;9,2;12,1;"";3007;3591;2037;3057;1527;23,8;15,2;13,6;27,5;8;44,8;20,1;0,6;18,7;61,3;21,3;52,6
"Rotterdam";80,1;77,9;4,6;3,0;4,8;6,7;10,0;14,1;135;23105;25723;12101;27544;11037;21,8;10,4;15,2;29,0;16;50,7;27,0;0,5;20,9;55,8;26,4;50,2
"Rozendaal";"-";79,2;2,4;3,5;3,3;4,2;6,4;6,1;"";40;50;24;26;27;34,6;15,2;"-";"";"-";37,0;18,5;0,7;18,5;66,7;14,4;39,4
"Rucphen";79,3;84,3;0,8;4,2;7,9;6,8;7,1;12,9;"";1327;1214;710;944;420;23,8;16,2;18,8;"";4;48,5;18,2;0,8;18,4;58,9;25,5;53,0
"Schagen";82,8;77,3;1,8;3,3;4,3;5,0;5,9;8,6;"";1334;1537;926;1425;842;31,8;17,0;10,6;"";3;38,1;11,8;0,6;17,4;69,1;20,7;48,6
"Scherpenzeel";83,5;75,1;4,6;2,6;4,5;4,8;9,7;7,3;"";317;501;211;290;162;39,6;15,4;9,6;"";2;37,4;15,6;0,6;20,1;61,3;18,8;50,2
"Schiedam";80,7;30,1;2,0;2,8;5,0;5,5;7,1;11,2;10;2822;3257;1618;3039;1285;23,1;13,0;18,8;31,7;10;51,5;26,6;0,5;20,4;56,1;26,8;53,9
"Schiermonnikoog";"-";80,5;1,1;4,3;4,6;5,7;6,2;"?";"";27;38;35;45;14;38,8;"-";"-";"";"-";39,1;7,4;0,7;16,2;"-";25,3;"-"
"Schouwen-Duiveland";82,3;81,2;3,0;4,2;5,9;6,3;7,6;10,1;"";1421;1457;853;1288;998;35,2;17,9;8,0;"";5;42,4;15,5;0,8;17,6;64,6;17,2;48,4
"'s-Hertogenbosch";81,7;81,4;5,4;2,7;4,9;5,2;11,0;9,2;10;5432;7496;3280;5117;2831;25,1;14,4;15,8;19,1;6;39,9;21,4;0,6;20,4;59,7;21,6;46,0
"Simpelveld";81,8;82,0;4,4;4,2;6,6;6,7;9,7;10,3;"";439;527;388;411;263;26,1;16,1;9,6;"";4;40,6;15,0;0,8;18,3;54,7;18,2;55,8
"Sint Anthonis";85,1;79,1;2,5;3,3;4,9;4,9;6,9;8,0;"";387;437;217;331;249;40,7;21,3;7,6;"";3;36,7;16,3;0,9;19,5;67,5;13,2;42,8
"Sint-Michielsgestel";81,5;81,9;4,5;3,1;5,0;4,9;9,0;6,8;"";1038;1253;574;866;552;32,4;15,0;11,6;"";3;36,3;17,9;0,7;19,6;65,9;17,6;45,0
"Sittard-Geleen";80,5;83,3;5,5;5,2;6,4;7,1;12,2;13,1;10;3790;5327;2662;4099;1884;23,8;15,6;18,2;24,9;7;47,2;19,2;0,5;18,8;55,8;20,6;52,6
"Sliedrecht";79,8;78,0;3,9;4,0;5,4;6,2;10,2;10,6;"";871;1501;710;975;472;38,7;15,3;14,4;"";6;36,1;21,9;0,6;19,6;53,1;20,3;52,9
"Sluis";81,7;78,3;3,1;5,3;5,9;6,7;7,8;11,4;"";963;1005;860;815;560;29,7;17,5;12,3;"";3;50,9;15,1;1,4;16,9;60,8;14,1;56,4
"Smallingerland";81,9;79,1;3,8;3,6;5,0;6,3;10,6;7,6;"";1952;3210;1086;2173;1229;31,8;14,4;13,7;"";7;39,3;12,0;0,8;15,5;65,4;20,6;53,6
"Soest";82,4;80,6;5,1;3,2;4,5;5,1;9,7;10,6;"";1514;1964;867;1483;774;30,6;15,8;17,0;"";5;42,8;16,5;0,8;19,2;61,7;19,2;45,6
"Someren";82,0;79,7;2,4;3,3;4,6;4,8;6,3;10,9;"";574;606;467;529;326;33,9;19,7;7,6;"";4;37,1;17,6;0,7;20,3;65,3;17,1;50,5
"Son en Breugel";84,2;81,2;1,1;3,5;4,6;4,7;5,4;7,1;"";498;612;318;493;264;31,1;18,3;15,7;"";4;39,2;19,5;0,6;20,5;66,0;14,1;48,7
"Stadskanaal";80,4;82,9;4,2;5,5;7,6;9,3;10,0;13,7;"";1849;1563;1336;1868;755;28,8;15,1;12,5;"";8;46,5;11,2;0,8;15,6;58,9;25,2;61,5
"Staphorst";82,4;71,9;1,9;2,9;3,2;5,1;4,8;6,2;"";360;427;339;564;296;40,5;16,4;10,0;"";2;40,6;13,3;1,3;16,8;54,9;18,0;43,0
"Stede Broec";82,1;79,8;2,4;2,9;4,3;5,3;7,3;7,4;"";590;862;499;711;386;30,9;14,6;10,7;"";4;41,9;13,3;0,6;16,5;68,4;16,4;50,6
"Steenbergen";81,7;81,7;4,5;3,8;5,8;6,2;9,3;9,5;"";1048;986;691;864;526;27,4;16,5;18,2;"";5;41,4;17,4;0,7;17,8;62,1;17,6;59,8
"Steenwijkerland";81,7;80,3;4,0;4,5;5,3;6,9;8,5;8,6;"";1678;1878;1175;1784;1093;37,7;16,6;14,9;"";5;44,9;11,6;1,0;15,8;60,6;21,7;51,3
"Stein";82,7;84,2;5,2;4,8;6,2;6,4;11,0;9,6;"";1101;1325;729;988;508;24,0;18,1;14,6;"";3;47,9;19,3;0,7;18,6;60,4;18,7;54,5
"Stichtse Vecht";82,2;81,1;4,9;2,8;4,4;5,5;9,3;7,6;"";2245;2578;1266;2178;1013;30,8;14,8;14,7;"";3;40,2;20,5;0,9;19,8;62,6;21,6;49,6
"Súdwest-Fryslân";81,3;77,9;3,6;3,6;4,7;5,2;8,6;6,5;"";3526;3826;2233;2980;2103;38,8;14,8;8,8;7,0;6;43,4;11,0;1,2;15,5;68,2;19,5;46,9
"Terneuzen";81,5;81,6;4,1;4,9;6,0;7,6;9,8;11,8;"";2139;2752;1721;1953;1101;30,9;16,6;14,3;"";6;52,9;17,8;0,9;17,7;62,7;18,4;52,9
"Terschelling";81,2;81,9;3,6;3,8;3,7;4,1;7,2;4,1;"";176;144;82;158;125;38,8;11,8;"-";"";"-";39,1;8,2;0,8;16,3;81,0;25,3;48,8
"Texel";80,8;79,7;2,5;3,5;4,9;5,4;6,6;10,2;"";492;498;321;437;248;30,0;14,5;11,5;"";3;41,9;9,6;0,8;16,7;73,2;20,4;45,8
"Teylingen";82,0;81,0;4,0;2,5;3,9;4,4;9,1;4,7;"";1259;1570;623;954;699;32,5;16,2;15,0;"";2;40,6;18,1;0,7;19,5;68,6;16,9;46,8
"Tholen";81,8;79,6;3,1;3,0;5,5;6,0;8,9;10,3;"";966;1385;775;924;408;38,3;19,9;7,4;"";4;47,1;16,6;0,8;17,6;60,7;23,0;53,9
"Tiel";80,8;81,8;5,4;3,1;5,3;5,2;10,6;11,0;"";1881;2092;851;1671;674;24,3;11,2;13,3;"";7;43,5;18,6;0,6;19,7;56,0;22,4;52,8
"Tilburg";80,3;"";"";"";"";"";"";10,7;25;8620;9919;4648;7840;3894;23,5;15,0;16,1;21,8;10;44,2;21,3;0,6;19,7;60,9;22,8;48,5
"Tubbergen";81,6;78,9;3,5;4,0;4,5;5,0;6,3;8,7;"";692;650;524;700;365;43,3;17,8;11,1;"";2;29,9;13,5;1,1;17,6;66,0;18,4;45,6
"Twenterand";80,5;80,5;3,8;4,0;5,7;7,0;8,2;10,7;"";1430;1511;972;1470;732;39,1;16,3;10,2;"";4;35,7;13,4;0,8;17,6;60,7;18,5;57,9
"Tynaarlo";81,8;79,2;3,5;3,6;4,6;6,1;8,1;7,2;"";1179;1162;795;1141;693;36,0;16,4;20,9;"";4;40,3;10,4;1,0;15,1;68,8;20,0;46,6
"Tytsjerksteradiel";81,2;78,2;2,8;4,1;4,8;5,7;8,5;8,0;"";994;1508;756;1075;870;37,2;14,7;9,5;"";4;39,3;10,2;0,8;15,4;66,4;21,0;52,2
"Uden";82,0;82,1;2,3;3,3;4,9;5,4;7,6;7,5;"";1377;1739;1063;1365;749;31,6;15,9;3,6;"";5;36,7;19,0;0,6;19,9;62,5;16,8;48,8
"Uitgeest";83,5;78,2;4,2;1,9;3,1;3,9;8,2;6,1;"";291;416;231;290;231;29,4;11,9;9,9;"";4;33,0;18,3;0,5;19,6;65,0;16,7;44,4
"Uithoorn";84,0;79,1;5,2;2,2;4,4;4,9;9,6;7,5;"";952;1099;586;948;497;28,8;14,6;21,9;"";4;42,8;18,7;0,7;19,2;62,3;15,8;50,5
"Urk";80,4;75,7;4,0;2,0;2,7;4,3;6,4;6,5;"";421;489;306;534;380;49,9;17,1;12,0;"";2;26,0;12,5;0,7;16,7;57,7;19,6;48,8
"Utrecht";80,9;78,3;5,4;2,1;3,6;4,6;11,2;8,5;25;10411;15847;4581;9957;4075;26,0;9,3;19,2;23,6;8;41,5;24,0;0,8;20,9;63,5;21,7;36,5
"Utrechtse Heuvelrug";81,9;79,5;3,8;3,7;4,8;5,5;9,4;7,0;"";1745;2379;1185;1631;859;40,1;18,6;11,4;"";3;40,4;15,2;0,9;19,0;68,0;16,4;46,2
"Vaals";79,2;81,4;4,1;5,0;7,5;7,9;10,9;10,0;"";382;395;313;369;207;23,0;14,8;"-";"";10;49,5;14,1;0,6;17,9;57,7;24,6;52,7
"Valkenburg aan de Geul";80,7;83,2;4,7;4,6;6,1;6,8;10,7;8,4;"";586;799;576;639;337;25,8;16,8;12,1;"";5;45,0;15,5;0,6;18,1;57,0;17,6;50,1
"Valkenswaard";81,7;81,6;1,9;3,7;5,4;5,8;7,4;10,2;"";1103;1334;797;1083;522;28,9;20,5;14,5;"";5;43,6;17,8;0,6;19,4;67,2;18,7;49,2
"Veendam";80,1;81,8;4,1;4,4;6,4;8,8;10,2;11,5;"";1470;1322;844;1440;639;27,4;16,4;12,0;"";9;45,1;11,2;0,7;15,5;56,0;25,8;58,9
"Veenendaal";82,4;79,9;4,2;3,1;5,2;5,9;9,5;9,3;"";2468;3301;1204;2507;1301;35,4;16,5;14,5;"";5;39,9;18,1;0,8;20,2;64,3;18,8;49,8
"Veere";83,3;77,9;3,1;3,5;4,1;4,3;7,1;7,4;"";620;819;513;606;522;40,6;19,5;9,5;"";2;42,5;14,3;1,3;17,6;72,3;13,9;47,2
"Veldhoven";83,2;79,9;1,1;3,1;4,9;4,8;6,6;8,4;"";1404;1873;863;1385;849;28,7;15,8;10,4;"";3;42,4;19,9;0,6;19,4;66,2;17,5;50,9
"Velsen";81,3;80,9;4,6;3,1;4,6;5,9;9,8;9,5;"";2234;2764;1501;2415;1344;25,3;14,6;13,2;"";6;40,7;18,7;0,5;20,7;66,0;22,2;52,3
"Venlo";81,7;80,7;1,8;3,7;6,0;6,9;7,8;11,7;15;3987;4346;2834;4171;1641;27,6;14,4;16,5;23,2;8;46,0;20,4;0,7;19,4;64,2;23,7;52,4
"Venray";82,2;78,4;2,5;2,9;5,4;5,7;8,1;9,7;"";1459;1909;945;1380;754;33,2;14,7;7,2;"";6;41,3;19,2;0,9;20,0;64,9;17,6;50,7
"Vijfheerenlanden";81,4;79,1;3,2;3,4;5,4;6,0;8,5;8,5;"";2029;2758;1346;2130;1175;36,6;15,8;11,6;"";4;40,5;18,5;1,0;19,7;58,2;19,5;50,9
"Vlaardingen";81,7;27,3;1,5;3,2;5,2;5,2;7,1;13,0;15;2648;3123;1828;2776;1351;21,5;15,1;19,2;26,8;12;50,1;25,4;0,5;20,1;56,9;24,7;53,2
"Vlieland";"-";81,8;1,7;3,4;4,6;6,0;6,1;"?";"";36;38;21;40;28;38,8;"-";"-";"";"-";39,1;8,2;0,7;15,9;"-";25,3;"-"
"Vlissingen";80,5;79,7;3,8;4,4;5,3;6,0;9,3;10,9;"";1574;2008;1011;1606;1018;27,2;16,5;15,1;"";11;51,1;17,9;0,7;17,9;72,9;22,8;53,4
"Voerendaal";83,4;82,2;2,4;4,0;6,2;6,7;7,9;11,5;"";437;524;403;504;275;30,5;15,6;17,3;"";4;46,7;15,2;0,9;18,0;56,7;17,2;49,9
"Voorschoten";84,0;81,1;4,7;3,4;4,4;4,2;10,4;7,2;"";916;1250;544;692;488;32,7;17,0;14,5;"";4;38,5;20,5;0,6;19,5;75,7;14,5;45,8
"Voorst";82,2;80,1;4,1;3,6;4,7;5,6;8,1;7,3;"";1009;911;522;844;628;39,0;17,0;9,3;"";3;36,0;15,2;0,9;17,7;69,0;15,1;52,0
"Vught";80,0;77,4;3,6;3,0;4,5;4,6;8,9;9,7;"";794;1089;519;747;477;28,3;18,1;7,6;"";2;43,8;19,7;0,6;19,8;62,6;20,0;48,3
"Waadhoeke";81,8;77,5;3,6;4,1;5,5;5,7;9,4;8,3;"";1556;2345;1202;1699;1276;35,6;13,0;"-";"";6;44,8;10,0;1,0;15,3;60,6;20,8;51,2
"Waalre";83,6;80,8;1,1;3,5;4,3;5,0;5,6;6,8;"";479;636;353;467;261;35,3;17,4;8,8;"";3;43,0;19,7;0,6;19,2;69,7;15,2;41,4
"Waalwijk";81,5;81,7;3,1;3,0;5,8;5,7;8,6;10,3;"";1855;2356;1133;1728;1027;26,6;14,4;8,9;"";4;41,0;18,9;0,6;19,4;61,2;19,6;53,4
"Waddinxveen";84,2;79,2;4,0;4,8;4,5;5,3;8,4;10,5;"";1085;1054;541;849;658;35,0;16,0;14,8;"";3;41,1;20,1;0,4;19,5;62,9;18,5;51,9
"Wageningen";79,9;76,2;5,5;2,9;3,9;4,4;10,1;6,1;"";1123;1556;577;990;532;39,9;11,9;17,1;"";6;43,9;17,3;0,6;19,5;71,6;15,4;35,5
"Wassenaar";82,7;79,6;4,1;3,9;4,4;5,2;9,0;9,1;"";839;1033;576;666;453;31,8;15,3;9,9;"";4;43,4;19,4;0,7;19,5;70,2;16,0;44,2
"Waterland";84,4;81,5;3,8;2,6;4,2;5,7;8,3;6,4;"";626;644;421;559;389;35,2;16,3;8,5;"";3;35,7;14,8;0,8;18,0;66,4;16,3;48,5
"Weert";82,0;82,6;3,9;3,6;5,5;5,4;8,8;10,0;"";1835;2262;1450;1711;853;28,2;18,7;9,5;"";6;44,9;18,0;0,7;20,0;59,5;18,4;49,8
"Weesp";81,4;79,7;5,5;2,4;4,4;5,5;10,4;11,3;"";619;850;374;677;403;28,7;13,0;14,3;"";6;36,3;20,2;0,5;19,5;53,3;18,3;43,7
"West Betuwe";82,4;79,6;3,9;3,1;4,8;4,9;8,3;7,9;"";1603;2135;1097;1757;854;35,4;15,9;11,2;"";3;42,1;17,2;1,0;19,4;57,4;18,6;51,8
"West Maas en Waal";81,7;79,6;4,3;2,8;5,0;4,5;8,8;7,6;"";638;815;468;650;375;33,3;12,8;14,1;"";4;41,8;16,4;0,8;19,3;60,0;22,6;52,2
"Westerkwartier";81,7;80,4;4,3;2,9;4,8;6,3;9,3;7,8;"";2213;2654;1348;2285;1268;37,5;15,4;9,8;"";4;42,6;10,2;1,1;15,3;62,2;19,1;52,7
"Westerveld";81,4;79,2;4,2;4,6;5,0;6,3;8,5;8,1;"";754;732;509;737;553;41,2;17,8;9,9;"";3;37,3;10,5;1,2;15,5;65,2;17,3;54,0
"Westervoort";80,7;83,7;4,4;2,9;5,0;5,9;10,5;8,7;"";621;796;282;497;293;28,3;14,8;18,8;"";8;43,8;18,1;1,0;19,2;64,1;22,1;56,1
"Westerwolde";80,4;81,8;3,7;5,4;7,0;9,3;8,7;11,5;"";1367;955;912;1333;594;27,0;13,9;6,8;"";6;44,7;10,7;1,3;15,4;56,6;23,2;59,4
"Westland";82,9;26,7;1,3;2,4;4,4;4,2;6,5;6,5;"";3330;4436;1824;3182;1909;32,1;16,1;18,7;10,3;4;39,2;21,4;0,7;19,6;63,1;18,0;46,8
"Weststellingwerf";80,8;80,4;4,3;3,8;5,3;6,5;8,7;9,4;"";1121;1012;687;1025;738;30,4;14,7;8,2;"";5;43,5;10,9;1,0;15,5;61,2;16,7;52,4
"Westvoorne";82,4;81,2;4,3;4,2;4,5;5,7;8,6;6,8;"";455;610;373;477;310;32,6;12,8;"-";"";4;37,0;17,1;0,8;18,8;65,8;17,5;52,5
"Wierden";82,1;78,9;3,0;3,5;4,7;5,8;6,3;7,1;"";859;748;681;858;467;41,5;17,2;9,9;"";3;33,0;15,5;0,9;18,1;69,3;17,3;52,2
"Wijchen";82,3;82,0;4,2;3,1;5,2;5,5;9,0;10,0;"";1751;1855;877;1370;955;32,7;12,2;10,8;"";5;41,6;18,1;0,8;19,4;66,5;16,4;53,8
"Wijdemeren";82,3;81,1;4,2;3,1;4,7;5,4;8,5;8,8;"";834;810;494;740;538;32,2;14,4;17,5;"";3;36,7;15,2;0,8;18,8;63,5;17,3;48,7
"Wijk bij Duurstede";82,3;78,8;5,0;2,6;4,6;5,3;10,7;5,3;"";833;1219;417;813;399;31,4;16,7;9,4;"";4;35,5;15,2;0,7;19,2;62,1;21,1;50,7
"Winterswijk";82,1;98,2;2,8;4,5;5,7;6,3;7,7;10,3;"";1106;1284;730;1076;796;39,6;17,5;14,9;"";5;40,1;15,6;0,9;18,1;69,5;20,8;50,6
"Woensdrecht";82,1;80,5;4,1;3,8;5,9;6,6;9,1;10,4;"";826;897;697;771;350;24,8;14,0;9,2;"";5;41,7;18,3;0,7;17,9;64,8;17,4;56,0
"Woerden";82,7;79,5;3,8;2,7;4,6;5,0;8,8;6,7;"";1929;2304;964;1568;952;39,6;14,9;9,2;"";3;35,9;18,8;0,8;19,6;63,7;19,2;46,2
"Wormerland";83,4;80,9;3,8;2,8;4,6;5,7;8,5;6,4;"";460;596;324;528;374;31,6;14,6;8,7;"";6;40,4;16,9;0,5;19,9;67,7;18,9;50,4
"Woudenberg";82,0;76,9;2,4;2,9;3,8;4,2;7,1;6,8;"";384;521;242;338;201;41,9;15,9;9,0;"";3;38,1;16,2;0,8;19,9;61,7;16,3;46,9
"Zaanstad";80,7;80,5;4,0;2,9;4,6;6,2;9,6;10,0;10;5186;6343;3268;5607;3253;21,8;14,0;17,4;16,9;7;43,5;19,5;0,6;20,4;63,8;23,8;51,2
"Zaltbommel";81,4;80,9;4,7;3,3;4,7;5,5;9,5;10,1;"";978;1425;674;904;537;33,3;15,4;9,3;"";3;39,6;18,1;1,1;19,5;59,9;18,8;54,2
"Zandvoort";79,3;81,4;5,4;4,0;5,2;6,4;10,2;11,5;"";622;637;408;566;355;21,9;14,2;"-";"";7;43,6;14,2;0,4;19,1;64,3;25,1;48,1
"Zeewolde";84,6;73,1;4,4;1,8;3,4;4,1;8,5;4,6;"";705;804;290;573;393;37,8;16,7;16,1;"";4;42,9;13,5;1,5;17,9;59,6;17,0;47,3
"Zeist";81,1;77,2;4,4;3,2;4,6;5,3;10,4;8,9;"";2303;3163;1477;2068;1019;33,8;16,4;17,9;"";6;42,2;17,6;0,7;19,4;66,5;17,0;45,6
"Zevenaar";81,2;81,2;5,0;3,6;5,5;6,3;9,8;12,3;"";1800;1961;1015;1677;960;31,5;12,2;8,8;"";5;44,1;17,4;0,8;18,6;65,9;19,7;54,0
"Zoetermeer";82,6;81,4;4,2;2,6;5,0;6,8;10,4;11,0;20;5254;6109;2368;5095;2259;24,3;14,2;15,9;20,2;8;45,5;22,5;0,7;20,0;59,6;21,1;53,0
"Zoeterwoude";81,7;79,1;2,9;2,1;4,4;3,9;7,9;6,3;"";249;380;175;209;202;35,4;19,6;10,0;"";3;35,4;21,7;0,7;19,6;72,9;17,3;51,3
"Zuidplas";83,2;80,6;4,0;3,2;3,9;4,8;8,2;9,0;"";1364;1631;757;1177;900;29,8;15,3;14,1;"";4;40,6;21,1;0,7;19,5;60,0;15,5;49,3
"Zundert";81,9;78,3;0,4;4,3;5,8;6,0;5,4;11,5;"";929;910;551;770;373;32,2;18,3;14,9;"";4;47,7;17,0;1,3;18,5;60,8;15,7;55,8
"Zutphen";80,8;79,5;4,6;4,1;5,3;5,3;11,2;7,3;"";2186;2620;950;1606;1002;31,2;16,6;16,4;"";8;41,8;17,0;0,6;18,3;67,8;18,4;52,6
"Zwartewaterland";82,4;77,3;3,4;2,7;4,1;5,3;7,4;5,9;"";761;862;485;726;468;41,6;13,5;9,6;"";3;37,4;13,0;0,7;16,8;65,0;20,5;51,6
"Zwijndrecht";82,0;81,5;4,3;3,5;5,3;7,0;9,6;13,4;"";1774;2242;1158;1992;936;32,5;14,7;"-";"";10;46,4;23,8;0,6;19,9;57,2;20,3;53,2
"Zwolle";81,4;78,1;4,6;2,9;4,0;4,9;10,6;10,0;10;4142;6388;2355;3808;2346;36,7;15,0;20,4;13,2;6;36,7;17,3;0,6;17,5;67,7;20,2;42,9
